{
  "6487259893_/alarm_1752058817": {
    "chat_id": 6487259893,
    "command": "/alarm",
    "args": [
      "MAGICUSDT",
      "0.0937"
    ],
    "created_at": 1752058817
  },
  "6487259893_/alarm_1752135311": {
    "chat_id": 6487259893,
    "command": "/alarm",
    "args": [
      "HYPERUSDT",
      "0.2072"
    ],
    "created_at": 1752135311
  },
  "6487259893_/alarm_1752157818": {
    "chat_id": 6487259893,
    "command": "/alarm",
    "args": [
      "COOKIEUSDT",
      "0.0010"
    ],
    "created_at": 1752157818
  },
  "6487259893_/alarm_1752157969": {
    "chat_id": 6487259893,
    "command": "/alarm",
    "args": [
      "COOKIEUSDT",
      "0.0020"
    ],
    "created_at": 1752157969
  },
  "6487259893_/alarm_1752160816": {
    "chat_id": 6487259893,
    "command": "/alarm",
    "args": [
      "STOUSDT",
      "0.161"
    ],
    "created_at": 1752160816
  },
  "6487259893_/alarm_1752183610": {
    "chat_id": 6487259893,
    "command": "/alarm",
    "args": [
      "HYPERUSDT",
      "0.1457"
    ],
    "created_at": 1752183610
  },
  "6487259893_/alarm_1752184517": {
    "chat_id": 6487259893,
    "command": "/alarm",
    "args": [
      "CROSSUSDT",
      "0.07362"
    ],
    "created_at": 1752184517
  },
  "6487259893_/alarm_1752184518": {
    "chat_id": 6487259893,
    "command": "/alarm",
    "args": [
      "MUSDT",
      "0.16133"
    ],
    "created_at": 1752184518
  },
  "6487259893_/alarm_1752185409": {
    "chat_id": 6487259893,
    "command": "/alarm",
    "args": [
      "CHILLGUYUSDT",
      "0.8829"
    ],
    "created_at": 1752185409
  },
  "6487259893_/alarm_1752185410": {
    "chat_id": 6487259893,
    "command": "/alarm",
    "args": [
      "AI16ZUSDT",
      "0.3009"
    ],
    "created_at": 1752185410
  },
  "6487259893_/alarm_1752185411": {
    "chat_id": 6487259893,
    "command": "/alarm",
    "args": [
      "BRETTUSDT",
      "0.06907"
    ],
    "created_at": 1752185411
  },
  "6487259893_/alarm_1752185412": {
    "chat_id": 6487259893,
    "command": "/alarm",
    "args": [
      "AVAAIUSDT",
      "0.07734"
    ],
    "created_at": 1752185412
  },
  "6487259893_/alarm_1752185708": {
    "chat_id": 6487259893,
    "command": "/alarm",
    "args": [
      "MUBARAKUSDT",
      "0.05401"
    ],
    "created_at": 1752185708
  },
  "6487259893_/alarm_1752185709": {
    "chat_id": 6487259893,
    "command": "/alarm",
    "args": [
      "PEOPLEUSDT",
      "0.02866"
    ],
    "created_at": 1752185709
  },
  "6487259893_/alarm_1752185710": {
    "chat_id": 6487259893,
    "command": "/alarm",
    "args": [
      "COOKIEUSDT",
      "0.2742"
    ],
    "created_at": 1752185710
  },
  "6487259893_/alarm_1752186013": {
    "chat_id": 6487259893,
    "command": "/alarm",
    "args": [
      "GRIFFAINUSDT",
      "0.1036"
    ],
    "created_at": 1752186013
  },
  "6487259893_/alarm_1752186015": {
    "chat_id": 6487259893,
    "command": "/alarm",
    "args": [
      "MOODENGUSDT",
      "0.2583"
    ],
    "created_at": 1752186015
  },
  "6487259893_/alarm_1752404712": {
    "chat_id": 6487259893,
    "command": "/alarm",
    "args": [
      "AUCTIONUSDT",
      "39.456"
    ],
    "created_at": 1752404712
  },
  "6487259893_/alarm_1752658217": {
    "chat_id": 6487259893,
    "command": "/alarm",
    "args": [
      "CHILLGUYUSDT",
      "0.088"
    ],
    "created_at": 1752658217
  },
  "6487259893_/alarm_1752697510": {
    "chat_id": 6487259893,
    "command": "/alarm",
    "args": [
      "BRETTUSDT",
      "0.069"
    ],
    "created_at": 1752697510
  },
  "6487259893_/alarm_1752755408": {
    "chat_id": 6487259893,
    "command": "/alarm",
    "args": [
      "GASUSDT",
      "5.79"
    ],
    "created_at": 1752755408
  },
  "6487259893_/alarm_1752755716": {
    "chat_id": 6487259893,
    "command": "/alarm",
    "args": [
      "COREUSDT",
      "0.816"
    ],
    "created_at": 1752755716
  },
  "6487259893_/alarm_1752755717": {
    "chat_id": 6487259893,
    "command": "/alarm",
    "args": [
      "BIGTIMEUSDT",
      "0.0777"
    ],
    "created_at": 1752755717
  },
  "6487259893_/alarm_1752755718": {
    "chat_id": 6487259893,
    "command": "/alarm",
    "args": [
      "RENDERUSDT",
      "4.76"
    ],
    "created_at": 1752755718
  },
  "6487259893_/_1753045219": {
    "chat_id": 6487259893,
    "command": "/",
    "args": [
      "ALARM",
      "ALTCOINUSDT",
      "0.002741"
    ],
    "created_at": 1753045219
  },
  "6487259893_/alarm_1753193108": {
    "chat_id": 6487259893,
    "command": "/alarm",
    "args": [
      "PENGUUSDT",
      "0.05949"
    ],
    "created_at": 1753193108
  },
  "6487259893_/alarm_1753266810": {
    "chat_id": 6487259893,
    "command": "/alarm",
    "args": [
      "JASMYUSDT",
      "0.039626"
    ],
    "created_at": 1753266810
  },
  "6487259893_/patterns_1753270967": {
    "chat_id": 6487259893,
    "command": "/patterns",
    "args": [
      "SPKUSDT",
      "0.14778",
      "4h"
    ],
    "created_at": 1753270967
  },
  "6487259893_/alarm_1753270968": {
    "chat_id": 6487259893,
    "command": "/alarm",
    "args": [
      "SPKUSDT",
      "0.19"
    ],
    "created_at": 1753270968
  },
  "6487259893_/patterns_1753273602": {
    "chat_id": 6487259893,
    "command": "/patterns",
    "args": [
      "SLPUSDT",
      "0.003185",
      "4h"
    ],
    "created_at": 1753273602
  },
  "6487259893_/alarm_1753274425": {
    "chat_id": 6487259893,
    "command": "/alarm",
    "args": [
      "KASUSDT",
      "0.11965"
    ],
    "created_at": 1753274425
  },
  "6487259893_/alarm_1753278585": {
    "chat_id": 6487259893,
    "command": "/alarm",
    "args": [
      "SAHARAUSDT",
      "0.21259"
    ],
    "created_at": 1753278585
  },
  "6487259893_/patterns_1753278586": {
    "chat_id": 6487259893,
    "command": "/patterns",
    "args": [
      "SAHARAUSDT",
      "0.21259",
      "4h"
    ],
    "created_at": 1753278586
  },
  "6487259893_/alarm_1753365021": {
    "chat_id": 6487259893,
    "command": "/alarm",
    "args": [
      "VINEUSDT",
      "0.0435"
    ],
    "created_at": 1753365021
  },
  "6487259893_/patterns_1753373256": {
    "chat_id": 6487259893,
    "command": "/patterns",
    "args": [
      "SDUSDT",
      "1.7138",
      "4h"
    ],
    "created_at": 1753373256
  },
  "6487259893_/alarm_1753949038": {
    "chat_id": 6487259893,
    "command": "/alarm",
    "args": [
      "HOLDUSDT",
      "0.0001089"
    ],
    "created_at": 1753949038
  },
  "6487259893_/patterns_1754395529": {
    "chat_id": 6487259893,
    "command": "/patterns",
    "args": [
      "RDOUSDT",
      "0.003298",
      "4h"
    ],
    "created_at": 1754395529
  },
  "6487259893_/patterns_1754395824": {
    "chat_id": 6487259893,
    "command": "/patterns",
    "args": [
      "AGTUSDT",
      "0.01276",
      "4h"
    ],
    "created_at": 1754395824
  },
  "6487259893_/alarm_1754652883": {
    "chat_id": 6487259893,
    "command": "/alarm",
    "args": [
      "MYXUSDT",
      "2.756"
    ],
    "created_at": 1754652883
  },
  "6487259893_/patterns_1754913180": {
    "chat_id": 6487259893,
    "command": "/patterns",
    "args": [
      "KEKIUSUSDT",
      null,
      "4h"
    ],
    "created_at": 1754913180
  },
  "6487259893_/patterns_1754924724": {
    "chat_id": 6487259893,
    "command": "/patterns",
    "args": [
      "XNYUSDT",
      "0.01913",
      "4h"
    ],
    "created_at": 1754924724
  },
  "6487259893_/patterns_1755096911": {
    "chat_id": 6487259893,
    "command": "/patterns",
    "args": [
      "HOSICOUSDT",
      "0.04166",
      "4h"
    ],
    "created_at": 1755096911
  }
}