{
  "6487259893_/alarm_1751897488": {
    "chat_id": 6487259893,
    "command": "/alarm",
    "args": [
      "GOONC_USDT",
      "0.00195"
    ],
    "created_at": 1751897488
  },
  "6487259893_/alarm_1751959542": {
    "chat_id": 6487259893,
    "command": "/alarm",
    "args": [
      "MDT_USDT",
      "0.01536"
    ],
    "created_at": 1751959542
  },
  "6487259893_/alarm_1751959543": {
    "chat_id": 6487259893,
    "command": "/alarm",
    "args": [
      "BR_USDT",
      "0.13320"
    ],
    "created_at": 1751959543
  },
  "6487259893_/alarm_1751959544": {
    "chat_id": 6487259893,
    "command": "/alarm",
    "args": [
      "BR_USDT",
      "0.08740"
    ],
    "created_at": 1751959544
  }
}