{
  "6487259893_/alarm_1752058817": {
    "chat_id": 6487259893,
    "command": "/alarm",
    "args": [
      "MAGIC_USDT",
      "0.0937"
    ],
    "created_at": 1752058817
  },
  "6487259893_/alarm_1752077411": {
    "chat_id": 6487259893,
    "command": "/alarm",
    "args": [
      "HOSICO_USDT",
      "0.03664"
    ],
    "created_at": 1752077411
  },
  "6487259893_/alarm_1752126612": {
    "chat_id": 6487259893,
    "command": "/alarm",
    "args": [
      "REX_USDT",
      "0.01225"
    ],
    "created_at": 1752126612
  },
  "6487259893_/alarm_1752135311": {
    "chat_id": 6487259893,
    "command": "/alarm",
    "args": [
      "HYPER_USDT",
      "0.2072"
    ],
    "created_at": 1752135311
  },
  "6487259893_/alarm_1752148216": {
    "chat_id": 6487259893,
    "command": "/alarm",
    "args": [
      "TGT_USDT",
      "0.0096"
    ],
    "created_at": 1752148216
  },
  "6487259893_/alarm_1752157818": {
    "chat_id": 6487259893,
    "command": "/alarm",
    "args": [
      "COOKIE_USDT",
      "0.0010"
    ],
    "created_at": 1752157818
  },
  "6487259893_/alarm_1752157969": {
    "chat_id": 6487259893,
    "command": "/alarm",
    "args": [
      "COOKIE_USDT",
      "0.0020"
    ],
    "created_at": 1752157969
  },
  "6487259893_/alarm_1752160816": {
    "chat_id": 6487259893,
    "command": "/alarm",
    "args": [
      "STO_USDT",
      "0.161"
    ],
    "created_at": 1752160816
  },
  "6487259893_/alarm_1752183610": {
    "chat_id": 6487259893,
    "command": "/alarm",
    "args": [
      "HYPER_USDT",
      "0.1457"
    ],
    "created_at": 1752183610
  },
  "6487259893_/alarm_1752184517": {
    "chat_id": 6487259893,
    "command": "/alarm",
    "args": [
      "CROSS_USDT",
      "0.07362"
    ],
    "created_at": 1752184517
  },
  "6487259893_/alarm_1752184518": {
    "chat_id": 6487259893,
    "command": "/alarm",
    "args": [
      "M_USDT",
      "0.16133"
    ],
    "created_at": 1752184518
  },
  "6487259893_/alarm_1752185108": {
    "chat_id": 6487259893,
    "command": "/alarm",
    "args": [
      "MYRO_USDT",
      "0.03212"
    ],
    "created_at": 1752185108
  },
  "6487259893_/alarm_1752185109": {
    "chat_id": 6487259893,
    "command": "/alarm",
    "args": [
      "MEME_USDT",
      "0.002499"
    ],
    "created_at": 1752185109
  },
  "6487259893_/alarm_1752185110": {
    "chat_id": 6487259893,
    "command": "/alarm",
    "args": [
      "POPCAT_USDT",
      "0.4898"
    ],
    "created_at": 1752185110
  },
  "6487259893_/alarm_1752185409": {
    "chat_id": 6487259893,
    "command": "/alarm",
    "args": [
      "CHILLGUY_USDT",
      "0.8829"
    ],
    "created_at": 1752185409
  },
  "6487259893_/alarm_1752185410": {
    "chat_id": 6487259893,
    "command": "/alarm",
    "args": [
      "AI16Z_USDT",
      "0.3009"
    ],
    "created_at": 1752185410
  },
  "6487259893_/alarm_1752185411": {
    "chat_id": 6487259893,
    "command": "/alarm",
    "args": [
      "BRETT_USDT",
      "0.06907"
    ],
    "created_at": 1752185411
  },
  "6487259893_/alarm_1752185412": {
    "chat_id": 6487259893,
    "command": "/alarm",
    "args": [
      "AVAAI_USDT",
      "0.07734"
    ],
    "created_at": 1752185412
  },
  "6487259893_/alarm_1752185413": {
    "chat_id": 6487259893,
    "command": "/alarm",
    "args": [
      "DEEP_USDT",
      "0.19744"
    ],
    "created_at": 1752185413
  },
  "6487259893_/alarm_1752185707": {
    "chat_id": 6487259893,
    "command": "/alarm",
    "args": [
      "PEPE_USDT",
      "0.00001369"
    ],
    "created_at": 1752185707
  },
  "6487259893_/alarm_1752185708": {
    "chat_id": 6487259893,
    "command": "/alarm",
    "args": [
      "MUBARAK_USDT",
      "0.05401"
    ],
    "created_at": 1752185708
  },
  "6487259893_/alarm_1752185709": {
    "chat_id": 6487259893,
    "command": "/alarm",
    "args": [
      "PEOPLE_USDT",
      "0.02866"
    ],
    "created_at": 1752185709
  },
  "6487259893_/alarm_1752185710": {
    "chat_id": 6487259893,
    "command": "/alarm",
    "args": [
      "COOKIE_USDT",
      "0.2742"
    ],
    "created_at": 1752185710
  },
  "6487259893_/alarm_1752186012": {
    "chat_id": 6487259893,
    "command": "/alarm",
    "args": [
      "WLD_USDT",
      "1.3279"
    ],
    "created_at": 1752186012
  },
  "6487259893_/alarm_1752186013": {
    "chat_id": 6487259893,
    "command": "/alarm",
    "args": [
      "GRIFFAIN_USDT",
      "0.1036"
    ],
    "created_at": 1752186013
  },
  "6487259893_/alarm_1752186014": {
    "chat_id": 6487259893,
    "command": "/alarm",
    "args": [
      "FARTCOIN_USDT",
      "1.433"
    ],
    "created_at": 1752186014
  },
  "6487259893_/alarm_1752186015": {
    "chat_id": 6487259893,
    "command": "/alarm",
    "args": [
      "MOODENG_USDT",
      "0.2583"
    ],
    "created_at": 1752186015
  },
  "6487259893_/alarm_1752404712": {
    "chat_id": 6487259893,
    "command": "/alarm",
    "args": [
      "AUCTION_USDT",
      "39.456"
    ],
    "created_at": 1752404712
  },
  "6487259893_/alarm_1752504912": {
    "chat_id": 6487259893,
    "command": "/alarm",
    "args": [
      "OMNI_USDT",
      "2.539"
    ],
    "created_at": 1752504912
  },
  "6487259893_/alarm_1752611409": {
    "chat_id": 6487259893,
    "command": "/alarm",
    "args": [
      "CELO_USDT",
      "0.376"
    ],
    "created_at": 1752611409
  },
  "6487259893_/alarm_1752611410": {
    "chat_id": 6487259893,
    "command": "/alarm",
    "args": [
      "MYRO_USDT",
      "0.03034"
    ],
    "created_at": 1752611410
  },
  "6487259893_/alarm_1752612612": {
    "chat_id": 6487259893,
    "command": "/alarm",
    "args": [
      "POPCAT_USDT",
      "0.4936"
    ],
    "created_at": 1752612612
  },
  "6487259893_/alarm_1752658217": {
    "chat_id": 6487259893,
    "command": "/alarm",
    "args": [
      "CHILLGUY_USDT",
      "0.088"
    ],
    "created_at": 1752658217
  },
  "6487259893_/start_1752678616": {
    "chat_id": 6487259893,
    "command": "/start",
    "args": [],
    "created_at": 1752678616
  },
  "6487259893_/delete_1752678920": {
    "chat_id": 6487259893,
    "command": "/delete",
    "args": [
      "ALAR,",
      "/start"
    ],
    "created_at": 1752678920
  },
  "6487259893_/delete_1752678921": {
    "chat_id": 6487259893,
    "command": "/delete",
    "args": [
      "ALARM",
      "/start"
    ],
    "created_at": 1752678921
  }
}