{
  "6487259893_/alarm_1751897488": {
    "chat_id": 6487259893,
    "command": "/alarm",
    "args": [
      "GOONC_USDT",
      "0.00195"
    ],
    "created_at": 1751897488
  },
  "6487259893_/alarm_1751959542": {
    "chat_id": 6487259893,
    "command": "/alarm",
    "args": [
      "GOONC_USDT",
      "0.00195"
    ],
    "created_at": 1751959542
  }
}