{
  "6487259893_/alarm_1751897488": {
    "chat_id": 6487259893,
    "command": "/alarm",
    "args": [
      "GOONC_USDT",
      "0.00195"
    ],
    "created_at": 1751897488
  },
  "6487259893_/alarm_1751959543": {
    "chat_id": 6487259893,
    "command": "/alarm",
    "args": [
      "BR_USDT",
      "0.13320"
    ],
    "created_at": 1751959543
  },
  "6487259893_/alarm_1751972118": {
    "chat_id": 6487259893,
    "command": "/alarm",
    "args": [
      "STARTUP_USDT",
      "0.03545"
    ],
    "created_at": 1751972118
  },
  "6487259893_/alarm_1751972723": {
    "chat_id": 6487259893,
    "command": "/alarm",
    "args": [
      "FIO_USDT",
      "0.01593"
    ],
    "created_at": 1751972723
  },
  "6487259893_/alarm_1752058817": {
    "chat_id": 6487259893,
    "command": "/alarm",
    "args": [
      "MAGIC_USDT",
      "0.0937"
    ],
    "created_at": 1752058817
  }
}