{
  "6487259893_/alarm_1751897488": {
    "chat_id": 6487259893,
    "command": "/alarm",
    "args": [
      "GOONC_USDT",
      "0.00195"
    ],
    "created_at": 1751897488
  },
  "6487259893_/alarm_1751972723": {
    "chat_id": 6487259893,
    "command": "/alarm",
    "args": [
      "FIO_USDT",
      "0.01593"
    ],
    "created_at": 1751972723
  },
  "6487259893_/alarm_1752058817": {
    "chat_id": 6487259893,
    "command": "/alarm",
    "args": [
      "MAGIC_USDT",
      "0.0937"
    ],
    "created_at": 1752058817
  },
  "6487259893_/alarm_1752077411": {
    "chat_id": 6487259893,
    "command": "/alarm",
    "args": [
      "HOSICO_USDT",
      "0.03664"
    ],
    "created_at": 1752077411
  },
  "6487259893_/alarm_1752089711": {
    "chat_id": 6487259893,
    "command": "/alarm",
    "args": [
      "BANANAS31_USDT",
      "0.011280"
    ],
    "created_at": 1752089711
  },
  "6487259893_/alarm_1752126612": {
    "chat_id": 6487259893,
    "command": "/alarm",
    "args": [
      "REX_USDT",
      "0.01225"
    ],
    "created_at": 1752126612
  },
  "6487259893_/alarm_1752127209": {
    "chat_id": 6487259893,
    "command": "/alarm",
    "args": [
      "TGT_USDT",
      "0.01606"
    ],
    "created_at": 1752127209
  },
  "6487259893_/alarm_1752135311": {
    "chat_id": 6487259893,
    "command": "/alarm",
    "args": [
      "HYPER_USDT",
      "0.2072"
    ],
    "created_at": 1752135311
  },
  "6487259893_/alarm_1752141618": {
    "chat_id": 6487259893,
    "command": "/alarm",
    "args": [
      "CROSS_USDT",
      "0.15330"
    ],
    "created_at": 1752141618
  },
  "6487259893_/alarm_1752146410": {
    "chat_id": 6487259893,
    "command": "/alarm",
    "args": [
      "HYPER_USDT",
      "0.3666"
    ],
    "created_at": 1752146410
  },
  "6487259893_/alarm_1752148216": {
    "chat_id": 6487259893,
    "command": "/alarm",
    "args": [
      "TGT_USDT",
      "0.0096"
    ],
    "created_at": 1752148216
  },
  "6487259893_/alarm_1752149128": {
    "chat_id": 6487259893,
    "command": "/alarm",
    "args": [
      "BANANA31_USDT",
      "0.027"
    ],
    "created_at": 1752149128
  },
  "6487259893_/alarm_1752149129": {
    "chat_id": 6487259893,
    "command": "/alarm",
    "args": [
      "MAGIC_USDT",
      "0.1635"
    ],
    "created_at": 1752149129
  },
  "6487259893_/alarm_1752149130": {
    "chat_id": 6487259893,
    "command": "/alarm",
    "args": [
      "MAGIC_USDT",
      "0.1966"
    ],
    "created_at": 1752149130
  },
  "6487259893_/alarm_1752149412": {
    "chat_id": 6487259893,
    "command": "/alarm",
    "args": [
      "LOKA_USDT",
      "0.094"
    ],
    "created_at": 1752149412
  },
  "6487259893_/delete_1752150011": {
    "chat_id": 6487259893,
    "command": "/delete",
    "args": [
      "GOONC_USDT",
      "all"
    ],
    "created_at": 1752150011
  }
}