{
  "6487259893_/alarm_1752058817": {
    "chat_id": 6487259893,
    "command": "/alarm",
    "args": [
      "MAGIC_USDT",
      "0.0937"
    ],
    "created_at": 1752058817
  },
  "6487259893_/alarm_1752126612": {
    "chat_id": 6487259893,
    "command": "/alarm",
    "args": [
      "REX_USDT",
      "0.01225"
    ],
    "created_at": 1752126612
  },
  "6487259893_/alarm_1752135311": {
    "chat_id": 6487259893,
    "command": "/alarm",
    "args": [
      "HYPER_USDT",
      "0.2072"
    ],
    "created_at": 1752135311
  },
  "6487259893_/alarm_1752157818": {
    "chat_id": 6487259893,
    "command": "/alarm",
    "args": [
      "COOKIE_USDT",
      "0.0010"
    ],
    "created_at": 1752157818
  },
  "6487259893_/alarm_1752157969": {
    "chat_id": 6487259893,
    "command": "/alarm",
    "args": [
      "COOKIE_USDT",
      "0.0020"
    ],
    "created_at": 1752157969
  },
  "6487259893_/alarm_1752160816": {
    "chat_id": 6487259893,
    "command": "/alarm",
    "args": [
      "STO_USDT",
      "0.161"
    ],
    "created_at": 1752160816
  },
  "6487259893_/alarm_1752183610": {
    "chat_id": 6487259893,
    "command": "/alarm",
    "args": [
      "HYPER_USDT",
      "0.1457"
    ],
    "created_at": 1752183610
  },
  "6487259893_/alarm_1752184517": {
    "chat_id": 6487259893,
    "command": "/alarm",
    "args": [
      "CROSS_USDT",
      "0.07362"
    ],
    "created_at": 1752184517
  },
  "6487259893_/alarm_1752184518": {
    "chat_id": 6487259893,
    "command": "/alarm",
    "args": [
      "M_USDT",
      "0.16133"
    ],
    "created_at": 1752184518
  },
  "6487259893_/alarm_1752185108": {
    "chat_id": 6487259893,
    "command": "/alarm",
    "args": [
      "MYRO_USDT",
      "0.03212"
    ],
    "created_at": 1752185108
  },
  "6487259893_/alarm_1752185109": {
    "chat_id": 6487259893,
    "command": "/alarm",
    "args": [
      "MEME_USDT",
      "0.002499"
    ],
    "created_at": 1752185109
  },
  "6487259893_/alarm_1752185110": {
    "chat_id": 6487259893,
    "command": "/alarm",
    "args": [
      "POPCAT_USDT",
      "0.4898"
    ],
    "created_at": 1752185110
  },
  "6487259893_/alarm_1752185409": {
    "chat_id": 6487259893,
    "command": "/alarm",
    "args": [
      "CHILLGUY_USDT",
      "0.8829"
    ],
    "created_at": 1752185409
  },
  "6487259893_/alarm_1752185410": {
    "chat_id": 6487259893,
    "command": "/alarm",
    "args": [
      "AI16Z_USDT",
      "0.3009"
    ],
    "created_at": 1752185410
  },
  "6487259893_/alarm_1752185411": {
    "chat_id": 6487259893,
    "command": "/alarm",
    "args": [
      "BRETT_USDT",
      "0.06907"
    ],
    "created_at": 1752185411
  },
  "6487259893_/alarm_1752185412": {
    "chat_id": 6487259893,
    "command": "/alarm",
    "args": [
      "AVAAI_USDT",
      "0.07734"
    ],
    "created_at": 1752185412
  },
  "6487259893_/alarm_1752185708": {
    "chat_id": 6487259893,
    "command": "/alarm",
    "args": [
      "MUBARAK_USDT",
      "0.05401"
    ],
    "created_at": 1752185708
  },
  "6487259893_/alarm_1752185709": {
    "chat_id": 6487259893,
    "command": "/alarm",
    "args": [
      "PEOPLE_USDT",
      "0.02866"
    ],
    "created_at": 1752185709
  },
  "6487259893_/alarm_1752185710": {
    "chat_id": 6487259893,
    "command": "/alarm",
    "args": [
      "COOKIE_USDT",
      "0.2742"
    ],
    "created_at": 1752185710
  },
  "6487259893_/alarm_1752186013": {
    "chat_id": 6487259893,
    "command": "/alarm",
    "args": [
      "GRIFFAIN_USDT",
      "0.1036"
    ],
    "created_at": 1752186013
  },
  "6487259893_/alarm_1752186015": {
    "chat_id": 6487259893,
    "command": "/alarm",
    "args": [
      "MOODENG_USDT",
      "0.2583"
    ],
    "created_at": 1752186015
  },
  "6487259893_/alarm_1752404712": {
    "chat_id": 6487259893,
    "command": "/alarm",
    "args": [
      "AUCTION_USDT",
      "39.456"
    ],
    "created_at": 1752404712
  },
  "6487259893_/alarm_1752611410": {
    "chat_id": 6487259893,
    "command": "/alarm",
    "args": [
      "MYRO_USDT",
      "0.03034"
    ],
    "created_at": 1752611410
  },
  "6487259893_/alarm_1752612612": {
    "chat_id": 6487259893,
    "command": "/alarm",
    "args": [
      "POPCAT_USDT",
      "0.4936"
    ],
    "created_at": 1752612612
  },
  "6487259893_/alarm_1752658217": {
    "chat_id": 6487259893,
    "command": "/alarm",
    "args": [
      "CHILLGUY_USDT",
      "0.088"
    ],
    "created_at": 1752658217
  },
  "6487259893_/alarm_1752696610": {
    "chat_id": 6487259893,
    "command": "/alarm",
    "args": [
      "SERAPH_USDT",
      "0.1922"
    ],
    "created_at": 1752696610
  },
  "6487259893_/alarm_1752697510": {
    "chat_id": 6487259893,
    "command": "/alarm",
    "args": [
      "BRETT_USDT",
      "0.069"
    ],
    "created_at": 1752697510
  },
  "6487259893_/alarm_1752755408": {
    "chat_id": 6487259893,
    "command": "/alarm",
    "args": [
      "GAS_USDT",
      "5.79"
    ],
    "created_at": 1752755408
  },
  "6487259893_/alarm_1752755716": {
    "chat_id": 6487259893,
    "command": "/alarm",
    "args": [
      "CORE_USDT",
      "0.816"
    ],
    "created_at": 1752755716
  },
  "6487259893_/alarm_1752755717": {
    "chat_id": 6487259893,
    "command": "/alarm",
    "args": [
      "BIGTIME_USDT",
      "0.0777"
    ],
    "created_at": 1752755717
  },
  "6487259893_/alarm_1752755718": {
    "chat_id": 6487259893,
    "command": "/alarm",
    "args": [
      "RENDER_USDT",
      "4.76"
    ],
    "created_at": 1752755718
  },
  "6487259893_/alarm_1753042509": {
    "chat_id": 6487259893,
    "command": "/alarm",
    "args": [
      "M_USDT",
      "0.5635"
    ],
    "created_at": 1753042509
  },
  "6487259893_/_1753045219": {
    "chat_id": 6487259893,
    "command": "/",
    "args": [
      "ALARM",
      "ALTCOIN_USDT",
      "0.002741"
    ],
    "created_at": 1753045219
  },
  "6487259893_/alarm_1753112110": {
    "chat_id": 6487259893,
    "command": "/alarm",
    "args": [
      "CULT_USDT",
      "0.001528"
    ],
    "created_at": 1753112110
  },
  "6487259893_/alarm_1753182206": {
    "chat_id": 6487259893,
    "command": "/alarm",
    "args": [
      "GNC_USDT",
      "0.00000047"
    ],
    "created_at": 1753182206
  },
  "6487259893_/alarm_1753182310": {
    "chat_id": 6487259893,
    "command": "/alarm",
    "args": [
      "GNC_USDT",
      "0.000001815"
    ],
    "created_at": 1753182310
  },
  "6487259893_/alarm_1753183509": {
    "chat_id": 6487259893,
    "command": "/alarm",
    "args": [
      "SPK_USDT",
      "0.05726"
    ],
    "created_at": 1753183509
  },
  "6487259893_/alarm_1753193108": {
    "chat_id": 6487259893,
    "command": "/alarm",
    "args": [
      "PENGU_USDT",
      "0.05949"
    ],
    "created_at": 1753193108
  },
  "6487259893_/alarm_1753197519": {
    "chat_id": 6487259893,
    "command": "/alarm",
    "args": [
      "TUT_USDT",
      "0.07972"
    ],
    "created_at": 1753197519
  },
  "6487259893_/alarm_1753197520": {
    "chat_id": 6487259893,
    "command": "/alarm",
    "args": [
      "PENDLE_USDT",
      "5.61"
    ],
    "created_at": 1753197520
  },
  "6487259893_/alarm_1753266810": {
    "chat_id": 6487259893,
    "command": "/alarm",
    "args": [
      "JASMY_USDT",
      "0.039626"
    ],
    "created_at": 1753266810
  },
  "6487259893_/patterns_1753270967": {
    "chat_id": 6487259893,
    "command": "/patterns",
    "args": [
      "SPK_USDT",
      "0.14778"
    ],
    "created_at": 1753270967
  },
  "6487259893_/alarm_1753270968": {
    "chat_id": 6487259893,
    "command": "/alarm",
    "args": [
      "SPK_USDT",
      "0.19"
    ],
    "created_at": 1753270968
  },
  "6487259893_/patterns_1753273602": {
    "chat_id": 6487259893,
    "command": "/patterns",
    "args": [
      "SLP_USDT",
      "0.003185"
    ],
    "created_at": 1753273602
  },
  "6487259893_/alarm_1753274425": {
    "chat_id": 6487259893,
    "command": "/alarm",