{
  "6487259893_/alarm_1751972723": {
    "chat_id": 6487259893,
    "command": "/alarm",
    "args": [
      "FIO_USDT",
      "0.01593"
    ],
    "created_at": 1751972723
  },
  "6487259893_/alarm_1752058817": {
    "chat_id": 6487259893,
    "command": "/alarm",
    "args": [
      "MAGIC_USDT",
      "0.0937"
    ],
    "created_at": 1752058817
  },
  "6487259893_/alarm_1752077411": {
    "chat_id": 6487259893,
    "command": "/alarm",
    "args": [
      "HOSICO_USDT",
      "0.03664"
    ],
    "created_at": 1752077411
  },
  "6487259893_/alarm_1752089711": {
    "chat_id": 6487259893,
    "command": "/alarm",
    "args": [
      "BANANAS31_USDT",
      "0.011280"
    ],
    "created_at": 1752089711
  },
  "6487259893_/alarm_1752126612": {
    "chat_id": 6487259893,
    "command": "/alarm",
    "args": [
      "REX_USDT",
      "0.01225"
    ],
    "created_at": 1752126612
  },
  "6487259893_/alarm_1752135311": {
    "chat_id": 6487259893,
    "command": "/alarm",
    "args": [
      "HYPER_USDT",
      "0.2072"
    ],
    "created_at": 1752135311
  },
  "6487259893_/alarm_1752148216": {
    "chat_id": 6487259893,
    "command": "/alarm",
    "args": [
      "TGT_USDT",
      "0.0096"
    ],
    "created_at": 1752148216
  },
  "6487259893_/alarm_1752149129": {
    "chat_id": 6487259893,
    "command": "/alarm",
    "args": [
      "MAGIC_USDT",
      "0.1635"
    ],
    "created_at": 1752149129
  },
  "6487259893_/alarm_1752149130": {
    "chat_id": 6487259893,
    "command": "/alarm",
    "args": [
      "MAGIC_USDT",
      "0.1966"
    ],
    "created_at": 1752149130
  },
  "6487259893_/alarm_1752149412": {
    "chat_id": 6487259893,
    "command": "/alarm",
    "args": [
      "LOKA_USDT",
      "0.094"
    ],
    "created_at": 1752149412
  },
  "6487259893_/alarm_1752157818": {
    "chat_id": 6487259893,
    "command": "/alarm",
    "args": [
      "COOKIE_USDT",
      "0.0010"
    ],
    "created_at": 1752157818
  },
  "6487259893_/alarm_1752157969": {
    "chat_id": 6487259893,
    "command": "/alarm",
    "args": [
      "COOKIE_USDT",
      "0.0020"
    ],
    "created_at": 1752157969
  },
  "6487259893_/alarm_1752160816": {
    "chat_id": 6487259893,
    "command": "/alarm",
    "args": [
      "STO_USDT",
      "0.161"
    ],
    "created_at": 1752160816
  },
  "6487259893_/alarm_1752183610": {
    "chat_id": 6487259893,
    "command": "/alarm",
    "args": [
      "HYPER_USDT",
      "0.1457"
    ],
    "created_at": 1752183610
  },
  "6487259893_/alarm_1752184517": {
    "chat_id": 6487259893,
    "command": "/alarm",
    "args": [
      "CROSS_USDT",
      "0.07362"
    ],
    "created_at": 1752184517
  },
  "6487259893_/alarm_1752184518": {
    "chat_id": 6487259893,
    "command": "/alarm",
    "args": [
      "M_USDT",
      "0.16133"
    ],
    "created_at": 1752184518
  },
  "6487259893_/alarm_1752185107": {
    "chat_id": 6487259893,
    "command": "/alarm",
    "args": [
      "GPU_USDT",
      "0.4514"
    ],
    "created_at": 1752185107
  },
  "6487259893_/alarm_1752185108": {
    "chat_id": 6487259893,
    "command": "/alarm",
    "args": [
      "MYRO_USDT",
      "0.03212"
    ],
    "created_at": 1752185108
  },
  "6487259893_/alarm_1752185109": {
    "chat_id": 6487259893,
    "command": "/alarm",
    "args": [
      "MEME_USDT",
      "0.002499"
    ],
    "created_at": 1752185109
  },
  "6487259893_/alarm_1752185110": {
    "chat_id": 6487259893,
    "command": "/alarm",
    "args": [
      "POPCAT_USDT",
      "0.4898"
    ],
    "created_at": 1752185110
  },
  "6487259893_/alarm_1752185409": {
    "chat_id": 6487259893,
    "command": "/alarm",
    "args": [
      "CHILLGUY_USDT",
      "0.8829"
    ],
    "created_at": 1752185409
  },
  "6487259893_/alarm_1752185410": {
    "chat_id": 6487259893,
    "command": "/alarm",
    "args": [
      "AI16Z_USDT",
      "0.3009"
    ],
    "created_at": 1752185410
  },
  "6487259893_/alarm_1752185411": {
    "chat_id": 6487259893,
    "command": "/alarm",
    "args": [
      "BRETT_USDT",
      "0.06907"
    ],
    "created_at": 1752185411
  }
}