{
  "6487259893_/alarm_1751897488": {
    "chat_id": 6487259893,
    "command": "/alarm",
    "args": [
      "GOONC_USDT",
      "0.00195"
    ],
    "created_at": 1751897488
  },
  "6487259893_/alarm_1751972723": {
    "chat_id": 6487259893,
    "command": "/alarm",
    "args": [
      "FIO_USDT",
      "0.01593"
    ],
    "created_at": 1751972723
  },
  "6487259893_/alarm_1752058817": {
    "chat_id": 6487259893,
    "command": "/alarm",
    "args": [
      "MAGIC_USDT",
      "0.0937"
    ],
    "created_at": 1752058817
  },
  "6487259893_/alarm_1752077411": {
    "chat_id": 6487259893,
    "command": "/alarm",
    "args": [
      "hosico_usdt",
      "0.03664"
    ],
    "created_at": 1752077411
  },
  "6487259893_/alarm_1752089711": {
    "chat_id": 6487259893,
    "command": "/alarm",
    "args": [
      "bananas31_usdt",
      "0.011280"
    ],
    "created_at": 1752089711
  },
  "6487259893_/alarm_1752126612": {
    "chat_id": 6487259893,
    "command": "/alarm",
    "args": [
      "rex_usdt",
      "0.01225"
    ],
    "created_at": 1752126612
  },
  "6487259893_/alarm_1752127209": {
    "chat_id": 6487259893,
    "command": "/alarm",
    "args": [
      "tgt_usdt",
      "0.01606"
    ],
    "created_at": 1752127209
  },
  "6487259893_/alarm_1752135311": {
    "chat_id": 6487259893,
    "command": "/alarm",
    "args": [
      "Hyper_usdt",
      "0.2072"
    ],
    "created_at": 1752135311
  }
}